{ "_t" : "TriggerLine", "Version" : "v0.1", "Author" : "AE", "TargetDuty" : "极海德林", "TargetJob" : "Bard", "Triggers" : [{ "_id" : "1", "TriggerConds" : [{ "_t" : "TriggerCond_AfterBattleStart", "Time" : 20000 }], "TriggerActions" : [{ "_t" : "TriggerAction_SwitchBurst", "value" : false }] }, { "_id" : "2", "TriggerConds" : [{ "_t" : "TriggerCond_AfterBattleStart", "Time" : 90000 }, { "_t" : "TriggerCond_EnemyInLOS", "name" : "水晶" }], "TriggerActions" : [{ "_t" : "TriggerAction_SwitchBurst", "value" : true }] }, { "_id" : "3", "TriggerConds" : [{ "_t" : "TriggerCond_AfterBattleStart", "Time" : 999999 }, { "_t" : "TriggerCond_EnemyCastSpellByName", "spellName" : "审判者" }, { "_t" : "TriggerCond_EnemyHPPct", "Name" : "海德林", "HpPct" : 51.000999450683594 }, { "_t" : "TriggerCond_GameLog", "MsgType" : 57, "ContainValue" : "我" }], "TriggerActions" : [{ "_t" : "TriggerAction_SwitchBurst", "value" : true }, { "_t" : "TriggerAction_CastAbility", "SpellId" : 7548 }] }] }