{
  "_t" : "TriggerLine",
  "TargetDuty" : "绝巴哈",
  "TargetJob" : "Bard",
  "Triggers" : [{
      "_id" : "1",
      "TriggerActions" : [{
          "_t" : "TriggerAction_SwitchBurst",
          "value" : false
        }],
      "TriggerConds" : [{
          "_t" : "TriggerCond_AfterBattleStart",
          "Time" : 20000
        }]
    }, {
      "_id" : "2",
      "TriggerActions" : [{
          "_t" : "TriggerAction_SwitchBurst",
          "value" : true
        }],
      "TriggerConds" : [{
          "_t" : "TriggerCond_AfterOtherTrigger",
          "Time" : 60000,
          "TriggerId" : "1"
        }, {
          "_t" : "TriggerCond_EnemyInLOS",
          "name" : "奈尔"
        }]
    }, {
      "_id" : "3",
      "TriggerActions" : [{
          "_t" : "TriggerAction_SwitchBurst",
          "value" : false
        }],
      "TriggerConds" : [{
          "_t" : "TriggerCond_AfterOtherTrigger",
          "Time" : 20000,
          "TriggerId" : "2"
        }]
    }, {
      "_id" : "4",
      "TriggerActions" : [{
          "_t" : "TriggerAction_SwitchBurst",
          "value" : true
        }],
      "TriggerConds" : [{
          "_t" : "TriggerCond_AfterOtherTrigger",
          "Time" : 60000,
          "TriggerId" : "2"
        }, {
          "_t" : "TriggerCond_EnemyInLOS",
          "name" : "巴哈姆特"
        }]
    }],
  "Version" : "v0.1",
  "Author" : "AE"
}