{
  "_t" : "TriggerLine",
  "TargetDuty" : "极海德林",
  "TargetJob" : "Bard",
  "Triggers" : [{
      "_id" : "1",
      "TriggerActions" : [{
          "_t" : "TriggerAction_SwitchBurst",
          "value" : false
        }],
      "TriggerConds" : [{
          "_t" : "TriggerCond_AfterBattleStart",
          "Time" : 20000
        }]
    }, {
      "_id" : "2",
      "TriggerActions" : [{
          "_t" : "TriggerAction_SwitchBurst",
          "value" : true
        }],
      "TriggerConds" : [{
          "_t" : "TriggerCond_AfterBattleStart",
          "Time" : 90000
        }, {
          "_t" : "TriggerCond_EnemyInLOS",
          "name" : "水晶"
        }]
    }, {
      "_id" : "3",
      "TriggerActions" : [{
          "_t" : "TriggerAction_SwitchBurst",
          "value" : true
        }, {
          "_t" : "TriggerAction_CastAbility",
          "SpellId" : 7548
        }],
      "TriggerConds" : [{
          "_t" : "TriggerCond_AfterBattleStart",
          "Time" : 999999
        }, {
          "_t" : "TriggerCond_EnemyCastSpellByName",
          "spellName" : "审判者"
        }, {
          "_t" : "TriggerCond_EnemyHPPct",
          "HpPct" : 51.000999450683594,
          "Name" : "海德林"
        }, {
          "_t" : "TriggerCond_GameLog",
          "ContainValue" : "我",
          "MsgType" : 57
        }]
    }],
  "Version" : "v0.1",
  "Author" : "AE"
}