{
  "_t" : "Language",
  "LanType" : "zh-CN",
  "LanVersion" : "2",
  "Toggle_Stop" : "停手",
  "Toggle_BurstOff" : "关闭爆发",
  "Toggle_AOE" : "AOE",
  "Toggle_ShowGameLog" : "显示GameLog(编辑时间轴必备)",
  "Toggle_ShowDebugLog" : "显示优先级判定Log(调试用)",
  "Toggle_ShowBattleTime" : "Overlay显示战斗时间",
  "Toggle_EarlyDecisionMode" : "提前决策模式",
  "Toggle_UseHotkey" : "使用快捷键",
  "Toggle_UseTTK" : "使用TTK(目标濒死机制)",
  "Toggle_Potion" : "爆发药",
  "Toggle_Apex" : "绝峰箭",
  "Toggle_ActiveAttack" : "主动攻击目标",
  "Toggle_PreferDoubleEnshroud" : "优先双附体",
  "Toggle_UseHarpe" : "勾刃",
  "Toggle_UseTrueNorthWhenMissActionDir" : "错位真北",
  "Toggle_UsePoleton" : "使用速行",
  "Toggle_Bard_Delay1GCDToUseBuffs" : "团辅推后1个GCD",
  "TabItem_General" : "通用",
  "TabItem_Hotkey" : "快捷键",
  "TabItem_BaseSetting" : "基本设置",
  "TabItem_TTKSetting" : "TTK设置",
  "TabItem_SongSetting" : "歌曲设置",
  "SongSettingToolTips" : "开爆发状态下,歌曲剩多久(毫秒)后切换",
  "SongSetting_WM" : "旅神",
  "SongSetting_MB" : "贤者",
  "SongSetting_AP" : "军神",
  "Btn_SwitchOverlay" : "显示/隐藏Overlay",
  "Btn_Reset" : "重置",
  "Btn_CheckPotionNum" : "检查爆发药数量",
  "SetTriggerLine" : "设置时间轴",
  "Combox_Hotkey_Stop" : "停手",
  "Combox_Hotkey_BurstOff" : "关闭爆发",
  "Textbox_AnimationLockMs" : "能力技动画时间",
  "Textbox_GCDQueueMs" : "GCD队列时间",
  "Textbox_AbilityTimesInGCD" : "GCD插入能力技次数",
  "Textbox_TTK_TimeInSec" : "X秒内死亡",
  "Textbox_TTK_IgnoreDamage" : "伤害阈值",
  "Textbox_Bard_ApexArrow_SoulVoiceGauge" : "绝峰箭能量要求",
  "Textbox_Bard_TTK2BuffEnhancedIronJaw" : "X秒内死亡不刷强化伶牙",
  "Label_CurrTriggerLine" : "当前加载时间轴:",
  "Label_ChoosePotion" : "爆发药选择",
  "Label_PotionNum" : "数量:",
  "Toggle_PreferGallow" : "优先打缢杀",
  "Btn_LoadTriggerLine" : "加载文件",
  "Btn_ClearTriggerLine" : "清理",
  "QQGroup" : "Q群:    814352226",
  "SaveSetting" : "保存设置",
  "Content_CoolDown" : "倒计时",
  "Content_CoolDown_1500" : "尝试特殊行为1500",
  "Content_CoolDownFinish" : "倒计时结束,开始战斗!",
  "Content_Bard_PreCombat1" : "非战斗状态,速行未开启",
  "Content_Bard_PreCombat2" : "非战斗状态,速行逻辑判断中",
  "Content_Bard_PreCombat3" : "使用速行!",
  "Content_Reaper_PreCombat1" : "非战斗状态",
  "Content_Reaper_PreCombat2" : "使用收获月!",
  "Content_AIRoot_Stoping" : "停手中",
  "Content_AIRoot_NoTarget" : "未选择目标/目标不可被攻击",
  "Content_AIRoot_CanAttack" : "目标可被攻击,准备战斗",
  "Content_LocalTime" : "本地时间",
  "Content_BattleTime" : "战斗时间",
  "Title_LoadTriggerLine" : "加载时间轴",
  "MessageLog_CountDown_BattleStart" : "战斗开始",
  "MessageLog_CountDown_BattleStartIn5sec" : "战斗开始.*5",
  "MessageLog_CountDown_CancelBattleStart" : "取消了战斗开始"
}