{
  "71": "Silbexio of the Dusken Knot",
  "72": "Bockman",
  "73": "Galvanth the Dominator",
  "74": "Shredder",
  "75": "Aerico",
  "81": "Severaint Seven Splinter",
  "85": "Dofagan the Penitent",
  "92": "Antares",
  "93": "Sargas",
  "94": "Shaula",
  "101": "Gyges the Great",
  "119": "Octavel the Unforgiving",
  "185": "Janremi Blackheart",
  "189": "Ailbert the Lost",
  "255": "Glassjaw Nazagg Gah",
  "257": "Diamondjaw Nezedd Gah",
  "328": "Baron von Quiveron III Esquire",
  "343": "Aermswys the Stained",
  "419": "Captain Petyr Pigeontoe",
  "422": "Lady Amandine",
  "444": "Graffias",
  "446": "Asipatra",
  "447": "Matagaigai",
  "448": "Lou Carcolh",
  "450": "Spenser of the Bottomless Cup",
  "451": "Yabi Two-tails",
  "452": "Curupira",
  "465": "Stikflix Grumblytoss",
  "470": "Briaxio of the Well",
  "478": "Kupni Kapp",
  "479": "Guttrix Sliverpicks",
  "498": "Zezeroon Stickyfingers",
  "512": "Alux",
  "514": "Sirocco",
  "516": "Dschubba",
  "517": "Miraudont the Madder",
  "535": "Jackanapes's bean-bearer",
  "548": "Kottos",
  "554": "Ichorous Ire",
  "557": "the Black Eft",
  "558": "Nunyunuwi",
  "568": "Maisenta Hawke",
  "569": "Hastridie Hawke",
  "581": "Keroucene the Betrayer",
  "596": "Akoman",
  "597": "Nezul Cattlan the Violator",
  "598": "Leih Aliapoh",
  "599": "Silvairre the Virtuous",
  "600": "Pawah Mujuuk the Ghost",
  "614": "Foulques of the Mist",
  "618": "Drooling Daisy",
  "619": "Yda",
  "620": "Papalymo",
  "626": "Foulques",
  "627": "Thibain the Blunt",
  "628": "Sylphie Sweetwind",
  "668": "Aldis",
  "689": "Mylla Swordsong",
  "690": "\"Aldis",
  "698": "Zana Lyehga",
  "708": "Gotwin Halehex",
  "710": "Thanatos",
  "713": "Thancred",
  "714": "Owyne",
  "715": "Papashan",
  "717": "Garibald",
  "718": "Whiskerwall Kupdi Koop",
  "719": "Ruffletuft Kupta Kapa",
  "720": "Furryfoot Kupli Kipp",
  "721": "Woolywart Kupqu Kogi",
  "722": "Pukla Puki the Pomburner",
  "723": "Puksi Piko the Shaggysong",
  "724": "Pukna Pako the Tailturner",
  "725": "Good King Moggle Mog XII",
  "729": "Y'shtola",
  "732": "Phlegethon",
  "734": "Eugennoix",
  "735": "Ryssfloh",
  "742": "Lewein",
  "743": "Miraudont",
  "750": "???",
  "751": "Hamon Holyfist",
  "752": "Kuplu Kopo",
  "758": "Cocobusi the Cross",
  "761": "Fufulupa",
  "762": "Baldewyn",
  "763": "Sir Eolande Quiveron",
  "768": "Galfrid the Gallant",
  "811": "Ahtzapfyn the Absorbed",
  "815": "Storm Captain Ghimthota Sthalmoenwyn",
  "816": "Storm Private C'nangho Enah",
  "823": "Chuchuto Brightstar",
  "824": "Solkwyb the Enlightened",
  "826": "Broenbhar Rocksplitter",
  "828": "Rurukuta Tornstar",
  "836": "Glazrael Saltwind",
  "840": "Baron von Quiveron III Esquire",
  "841": "Mormo",
  "842": "Cocobygo the Craven",
  "843": "Cocobani the Cold",
  "844": "Cocobezi the Contemplative",
  "845": "Cocoboha the Curt",
  "849": "Menuis",
  "850": "Shearing Sheridan",
  "852": "Cuachac",
  "853": "Ahctstymm Shadowlurker",
  "854": "Anselm Larkscall",
  "855": "Fiebras the Dull",
  "856": "426th Order Pickman Bu Ga",
  "857": "Padfoot",
  "858": "Kokoroon Quickfingers",
  "859": "Gluttonous Gertrude",
  "860": "Old Six-arms",
  "861": "Barometz",
  "862": "Tryptix Stumblemox",
  "863": "Brollachan",
  "864": "Aipaloovik",
  "866": "Cactuar Jack",
  "867": "Bubbly Bernie",
  "868": "Crier Briareos",
  "869": "Daddy Longlegs",
  "870": "Grishild the Ungood",
  "871": "Guguroon Wetnose",
  "872": "Babaroon Halfshell",
  "873": "Vodyanoi",
  "874": "Spitfire",
  "876": "Glassjaw Nazagg Gah",
  "878": "Gossamer",
  "882": "Gisfrid the Grinder",
  "883": "Milleuda the Slitter",
  "884": "Blackbile Maladd Chah",
  "885": "Ulhuadshi",
  "886": "Simurgh",
  "887": "Odin",
  "888": "U'lamana",
  "903": "Storm Sergeant Doenfarr",
  "906": "Kujata",
  "907": "Weggfarr Wideaxe",
  "918": "U'kahmuli",
  "919": "U'ralka",
  "920": "U'konelua",
  "921": "U'ndomii",
  "922": "U'lolamo",
  "924": "Bruce the Big",
  "935": "Papashan",
  "936": "Owyne",
  "946": "Quzal Huatotl the Shrieker",
  "948": "Galfrid the Gallant",
  "949": "Garibald the Fargone",
  "966": "Patripatan",
  "969": "\"Leavold",
  "982": "Ryssfloh",
  "992": "Highcant Hatsugg Chah",
  "1008": "Fernehalwes",
  "1009": "Sabotender Corrido",
  "1011": "Scale Eater",
  "1012": "Pinktoe",
  "1013": "Greataxe Beak",
  "1015": "little Berahthraben",
  "1053": "Longarm",
  "1054": "Thunderhooves",
  "1055": "Rageclaw",
  "1057": "Ripe Rampager",
  "1058": "Cepheus",
  "1059": "E'bandala Sweetmane",
  "1060": "O'adebh Whitemane",
  "1062": "Memeroon",
  "1108": "Margry Flintheart",
  "1109": "Mamanzo the Charred",
  "1114": "Mumuroon Yellowtooth",
  "1127": "Blackstake Rodegg Chah",
  "1133": "Turncloak Clairvisse",
  "1137": "Pannixia of the Woven Wing",
  "1143": "Lefquene the Mystic",
  "1152": "Number 256",
  "1154": "426th Order Mendicant Zi Gu",
  "1160": "Twin-tongued Mansel",
  "1165": "Wormwix Scribbletalk",
  "1178": "Pfarmurl the Driven",
  "1185": "Ifrit",
  "1194": "Firemane",
  "1197": "Tangata",
  "1200": "Cancer",
  "1201": "Acubens",
  "1202": "Lazy Laurence",
  "1204": "Chopper",
  "1206": "Denn the Orcatoothed",
  "1234": "Slasher",
  "1237": "Junkmonger Nonoroon",
  "1238": "Rabid Ratata",
  "1242": "Nayokk Roh",
  "1243": "Gilpincher Zuzuroon",
  "1245": "Chachamun",
  "1246": "Bertram",
  "1247": "Tiny Aurochs",
  "1248": "Rururaji",
  "1249": "Jajanzo",
  "1250": "Aldebrand",
  "1251": "Ligart",
  "1252": "E'tajha Sapphire-eyes",
  "1253": "E'lahmui Ruby-eyes",
  "1254": "Hunberct Longhaft",
  "1265": "Toxic Tamlyn",
  "1269": "Buso",
  "1279": "Aiatar",
  "1300": "Brayflox Alltalks",
  "1301": "Gigirya the Guarded",
  "1314": "someone familiar",
  "1325": "Tiny Chris",
  "1326": "Aismurl Goldmember",
  "1329": "Jaded Jody",
  "1372": "382nd Order Pickman Ge Bu",
  "1373": "Baenryss of the Deep",
  "1378": "Fufulupa the Unbending",
  "1380": "Sir Baron von Quiveron IV Esquire",
  "1381": "Baldewyn Four Yalms",
  "1382": "Captain Madison",
  "1391": "Curious Gorge",
  "1394": "Estinien Wyrmblood",
  "1395": "Jehantel the Godsbow",
  "1396": "Batraal",
  "1398": "Eos",
  "1399": "Selene",
  "1400": "Topaz Carbuncle",
  "1401": "Emerald Carbuncle",
  "1402": "Ifrit-Egi",
  "1403": "Titan-Egi",
  "1404": "Garuda-Egi",
  "1415": "Taulurd",
  "1416": "Widargelt the Watcher",
  "1418": "Biggs",
  "1419": "Sister Wulfiue",
  "1421": "Jenlyns Straightblade",
  "1422": "Raya-O-Senna",
  "1423": "A-Ruhn-Senna",
  "1425": "Brother Nolanel",
  "1426": "Brother Joacin",
  "1427": "Downy Dunstan",
  "1428": "Gavial",
  "1429": "Gargamelle",
  "1430": "Lutin",
  "1431": "Seps",
  "1432": "Rongeur",
  "1433": "Klythios",
  "1434": "Roc",
  "1435": "Sutali Hueloc of the North Wind",
  "1436": "Sateli Hueloc of the South Wind",
  "1437": "Sotoli Hueloc of the East Wind",
  "1438": "Sethuli Hueloc of the West Wind",
  "1439": "Gozol Itzcan the Hatchet",
  "1440": "Svara",
  "1441": "Nburu",
  "1442": "Porus",
  "1443": "Dione",
  "1444": "Gwyllgi",
  "1445": "Steropes",
  "1452": "A-Towa-Cant",
  "1454": "Alderique the Unyielding",
  "1455": "Haurchefant",
  "1456": "Pascaleret",
  "1457": "Guillaime",
  "1458": "Vairemont",
  "1466": "Caduceus",
  "1482": "Twintania",
  "1483": "Hygieia",
  "1484": "Asclepius",
  "1486": "Cid",
  "1488": "Gundobald",
  "1489": "Wilred",
  "1490": "Golem Soulstone",
  "1492": "Urianger",
  "1493": "Foreseer K'lyhia",
  "1494": "Geissfryn Eveningcalm",
  "1495": "Aersthota Morningcalm",
  "1496": "Thubyrgeim the Transpicuous",
  "1500": "Doesmaga Poisonheart",
  "1502": "Wedge",
  "1503": "Aeetes",
  "1504": "Bagoly",
  "1505": "Aspidochelone",
  "1506": "Cindersoot Pegujj Chah",
  "1507": "Whitespark Hepugg Roh",
  "1508": "Arimaspi",
  "1510": "Racumon",
  "1512": "Twin-tongued Addison",
  "1513": "Milburh",
  "1514": "Milburh the Malicious",
  "1515": "Sekhmet",
  "1516": "Jolly Green",
  "1517": "Metshaldjas",
  "1518": "Voll the Sharkskinned",
  "1519": "Oannes",
  "1520": "Karkinos",
  "1521": "Zoredonite",
  "1522": "Scarface Bugaal Ja",
  "1523": "Ose",
  "1524": "59th Order Pickman Be Ze",
  "1525": "Brounger",
  "1526": "Peryton",
  "1527": "Number 128",
  "1528": "Balidet",
  "1530": "Sebek",
  "1531": "Alka Zolka the Thinker",
  "1532": "Miser's Mistress",
  "1533": "Coincounter",
  "1534": "Locksmith",
  "1567": "Teratotaur",
  "1569": "Temple Guardian",
  "1570": "Adjudicator",
  "1585": "Myrmidon Princess",
  "1589": "Giant Tunnel Worm",
  "1590": "Chimera",
  "1610": "Voluptuous Vivian",
  "1629": "Crius Longbeard",
  "1632": "Eurytos",
  "1640": "Y'mhitra the Learned",
  "1644": "Garuda",
  "1645": "Suparna",
  "1646": "Chirada",
  "1651": "Tristan Nightflicker",
  "1661": "Spiteful",
  "1662": "Capricious Cassie",
  "1663": "Aulus rem Vulso",
  "1664": "Daxio of the Dawn",
  "1665": "Volxia of the Blade",
  "1666": "Pulxio of the Short Gale",
  "1667": "Phaia",
  "1668": "Daedalus",
  "1670": "59th Order Bedesman Bi Go",
  "1677": "Chudo-Yudo",
  "1678": "Koshchei",
  "1680": "Isgebind",
  "1696": "Anantaboga",
  "1699": "Bibireze Greysteel",
  "1700": "Meww the Pusher",
  "1701": "Mouu the Puller",
  "1702": "59th Order Matriarch Go Zu",
  "1704": "Worr the Whalefin",
  "1728": "Phanaxio of the New Leaf",
  "1729": "Mianne Thousandmalm",
  "1764": "Skadi",
  "1776": "Gorn the Garrgh",
  "1779": "Lotoli Ahuatan the Glider",
  "1786": "Mimas",
  "1792": "Okeanos the Red",
  "1793": "Armantel Scaletalker",
  "1801": "Titan",
  "1802": "Titan's heart",
  "1808": "Solkzagyl the Loyal",
  "1855": "Jijiroon of the Silver Clutch",
  "1858": "Gungnir",
  "1872": "Atomos",
  "1878": "Ifrit's beacon",
  "1881": "Ifrit-Egi",
  "1901": "Yotoli Hueloc the Austere",
  "1942": "Kamapuaa",
  "1961": "Rabisu",
  "1967": "Barber Hirskskrat",
  "1972": "Chirada-Egi",
  "1973": "Suparna-Egi",
  "1977": "Stonespike Tanadd Gah",
  "2002": "Shezmu",
  "2006": "Cronos",
  "2013": "Aturia",
  "2015": "Heket",
  "2017": "Bolthorn",
  "2030": "Greywine",
  "2031": "Archaeoaevis",
  "2059": "the Unbreakable",
  "2062": "the last of the Allagans",
  "2064": "Legless Laurentius",
  "2067": "Lavafang Hemozz Teh",
  "2069": "Gundobald the Resolute",
  "2071": "Wilred of the Falling Petal",
  "2073": "Trachtoum Parter of Seas",
  "2081": "Hourlinet the Devout",
  "2082": "Haurchefant of the Silver Fuller",
  "2083": "Inquisitor Guillaime",
  "2084": "Guillaime",
  "2085": "Drillemont the Honest",
  "2095": "Amber Carbuncle",
  "2098": "Lostkin Kazagg Chah",
  "2099": "Dozol Meloc the Yea-sayer",
  "2100": "Barbatos",
  "2118": "Livia sas Junius",
  "2135": "Nero tol Scaeva",
  "2136": "Gaius van Baelsar",
  "2137": "the Ultima Weapon",
  "2139": "Ultima Ifrit",
  "2140": "Ultima Titan",
  "2141": "Ultima Garuda",
  "2143": "Lahabrea",
  "2146": "Alka Zolka the Doer",
  "2147": "Alka Zolka the Slayer",
  "2148": "Belias-Egi",
  "2160": "Rhitahtyn sas Arvina",
  "2163": "Burchard Swiftspear",
  "2167": "Voll's fang",
  "2168": "Bertha",
  "2176": "the scourge of Meracydia",
  "2181": "Dustyfoot Drysnagl",
  "2183": "Hydaelyn",
  "2216": "Lightning",
  "2231": "Bezul Huizan the Screamer",
  "2259": "Symond the Unsinkable",
  "2264": "Tyrant",
  "2285": "Gogmagolem",
  "2286": "Biggy",
  "2289": "Ouranos",
  "2341": "Ash",
  "2346": "Halicarnassus",
  "2352": "Totoima",
  "2354": "Flamecrest Afajj Koh",
  "2355": "Kozol Nomotl the Turbulent",
  "2356": "Yarr the Wavefiend",
  "2357": "5th Order Patriarch Ze Bu",
  "2358": "Kuplo Kopp",
  "2360": "Lacovie",
  "2364": "Diluxio's toady",
  "2365": "Diluxio's lackey",
  "2366": "Diluxio",
  "2367": "Kafre",
  "2505": "Leviathan",
  "2506": "U'napa",
  "2507": "Voco",
  "2512": "Blazehorn Monabb Chah",
  "2516": "59th Order Roundsman Ge Ga",
  "2550": "Leviathan",
  "2551": "Leviathan's tail",
  "2560": "Arioch",
  "2564": "Diabolos",
  "2597": "Pyracmon",
  "2602": "Mumuepo the Beholden",
  "2603": "Narasimha",
  "2604": "Franz the Fair",
  "2605": "Langloisiert the Lionheart",
  "2606": "U'linbho the Sand Devil",
  "2607": "Silent Moss the Solemn",
  "2610": "Melusine",
  "2611": "the Avatar",
  "2612": "Nael deus Darnus",
  "2618": "Ragnarok",
  "2627": "Renaud",
  "2628": "Nael Geminus",
  "2629": "the ghost of Meracydia",
  "2630": "Firehorn",
  "2631": "Iceclaw",
  "2632": "Thunderwing",
  "2653": "Stopklox Grislyfist",
  "2665": "Gilgamesh",
  "2666": "Enkidu",
  "2714": "Number 132",
  "2775": "Cuca Fera",
  "2778": "Gorynich",
  "2780": "Gowrow",
  "2791": "Haokah",
  "2792": "Azer",
  "2793": "Unei's clone",
  "2794": "Doga's clone",
  "2795": "Acheron",
  "2796": "Gomory",
  "2800": "Oceanus",
  "2809": "Scylla",
  "2811": "Bluck",
  "2815": "Glasya Labolas",
  "2821": "Amon",
  "2824": "Xande",
  "2826": "Kichiknebik",
  "2832": "Ramuh",
  "2846": "Dantalion",
  "2852": "Liavinne",
  "2856": "Paiyo Reiyo",
  "2860": "Avere Bravearm",
  "2861": "Edda Pureheart",
  "2872": "Hoary Boulder",
  "2873": "Coultenet the Cultured",
  "2878": "Beigad",
  "2886": "Kum Kum",
  "2903": "Sjoorm",
  "2917": "Lady Amandine",
  "2919": "White Joker",
  "2920": "Stinging Sophie",
  "2921": "Monarch Ogrefly",
  "2922": "Phecda",
  "2923": "Sewer Syrup",
  "2924": "Ovjang",
  "2925": "Gatling",
  "2926": "Albin the Ashen",
  "2927": "Flame Sergeant Dalvag",
  "2928": "Skogs Fru",
  "2929": "Barbastelle",
  "2930": "Bloody Mary",
  "2931": "Dark Helmet",
  "2932": "Myradrosh",
  "2933": "Vuokho",
  "2934": "Naul",
  "2936": "Forneus",
  "2937": "Melt",
  "2938": "Ghede Ti Malice",
  "2939": "Girtab",
  "2940": "Alectryon",
  "2941": "Sabotender Bailarina",
  "2942": "Maahes",
  "2943": "Zanig'oh",
  "2944": "Dalvag's Final Flame",
  "2945": "Vogaal Ja",
  "2946": "Unktehi",
  "2947": "Hellsclaw",
  "2948": "Nahn",
  "2949": "Marberry",
  "2950": "Cornu",
  "2951": "Marraco",
  "2952": "Kurrea",
  "2953": "Laideronnette",
  "2954": "Wulgaru",
  "2956": "Thousand-cast Theda",
  "2957": "Zona Seeker",
  "2958": "Brontes",
  "2959": "Lampalagua",
  "2960": "Nunyunuwi",
  "2961": "Minhocao",
  "2962": "Croque-mitaine",
  "2964": "the Garlok",
  "2965": "Bonnacon",
  "2966": "Nandi",
  "2967": "Chernobog",
  "2968": "Safat",
  "2969": "Agrippa the Mighty",
  "2994": "Shiva",
  "3013": "First Mate Haerstymm",
  "3014": "Karlabos",
  "3015": "Captain Madison",
  "3038": "Wandil",
  "3044": "Fenrir",
  "3046": "Typhon",
  "3047": "Ultros",
  "3091": "Frumious Koheel Ja",
  "3093": "Slithy Zolool Ja",
  "3095": "Manxome Molaa Ja Ja",
  "3112": "Eline the Razor",
  "3113": "7th Cohort centurion",
  "3119": "Ilberd of the Dull Blade",
  "3120": "Golden Eye Yuyuhase",
  "3127": "Yugiri Mistwalker",
  "3129": "V'kebbe the Stray",
  "3133": "Captain Jacke",
  "3138": "Perimu Haurimu Underfoot",
  "3149": "the Growler",
  "3159": "Aisibhir Badwind",
  "3164": "Oboro Moonrise",
  "3165": "Karasu Redbeak",
  "3169": "Tsubame Sunrise",
  "3172": "Gekkai the Blind",
  "3173": "Ten",
  "3174": "Chi",
  "3175": "Jin",
  "3192": "Imdugud",
  "3197": "Kaliya",
  "3204": "Phoenix",
  "3208": "Phoenix-Egi",
  "3210": "Bahamut Prime",
  "3212": "the shadow of Meracydia",
  "3213": "the storm of Meracydia",
  "3214": "the pain of Meracydia",
  "3215": "the blood of Meracydia",
  "3216": "the sin of Meracydia",
  "3217": "the gust of Meracydia",
  "3231": "Angra Mainyu",
  "3234": "Cerberus",
  "3247": "Queen Scylla",
  "3248": "Thor",
  "3249": "Jormungand",
  "3250": "Xande's clone",
  "3251": "Atomos Prime",
  "3272": "Anchag",
  "3280": "Ferdiad",
  "3287": "Nabriales",
  "3299": "Aka Manah's daewa",
  "3300": "Angra Mainyu's daewa",
  "3304": "Enkidu",
  "3320": "Lucia the Radiant",
  "3330": "Vishap",
  "3345": "Senor Sabotender",
  "3369": "Einhander",
  "3374": "Midgardsormr",
  "3376": "Quickthinx Allthoughts",
  "3387": "the Agrius",
  "3406": "Ser Yuhelmeric",
  "3409": "Opinicus",
  "3428": "Phantom Ray",
  "3434": "the Curator",
  "3452": "Rangda",
  "3455": "Gyascutus",
  "3458": "Nidhogg",
  "3459": "the Scarlet Price",
  "3460": "the Sable Price",
  "3462": "Ahleh",
  "3463": "Oskh",
  "3465": "Estinien Wyrmblood",
  "3632": "King Thordan",
  "3633": "Ser Zephirin",
  "3634": "Ser Adelphel",
  "3635": "Ser Janlenoux",
  "3636": "Ser Vellguine",
  "3637": "Ser Paulecrain",
  "3638": "Ser Ignasse",
  "3639": "Ser Grinnaux",
  "3640": "Ser Hermenost",
  "3641": "Ser Guerrique",
  "3642": "Ser Charibert",
  "3643": "Ser Haumeric",
  "3644": "Ser Noudenet",
  "3645": "Ascalon",
  "3649": "Bismarck",
  "3660": "Ravana",
  "3663": "Ravana's will",
  "3664": "Chandrahas",
  "3679": "the Last Yak",
  "3716": "Zaghnal",
  "3717": "Mighty Mackerel",
  "3718": "the Scarlet Lector",
  "3719": "Xexeu",
  "3720": "Tcaridyi",
  "3726": "Nunyenunc",
  "3727": "Nunyenunc's shadow",
  "3728": "Nunyenunc's feather",
  "3734": "Canu Vanu",
  "3735": "Canu Vanu's totem",
  "3745": "Faust",
  "3747": "Oppressor",
  "3748": "Oppressor 0.5",
  "3772": "the Manipulator",
  "3780": "Proto Ultima",
  "3783": "Noctilucale",
  "3785": "Euryale",
  "3786": "Orion",
  "3787": "Durga",
  "3789": "Coeurlregina",
  "3791": "Raskovnik",
  "3793": "Myath",
  "3798": "Tioman",
  "3818": "Regula van Hydrus",
  "3821": "Harmachis",
  "3822": "Igeyorhm",
  "3829": "Ascian Prime",
  "3849": "Ser Adelphel Brightblade",
  "3850": "Ser Grinnaux the Bull",
  "3858": "Celie the Pursuant",
  "3860": "Leveva Heavensreader",
  "3861": "Quimperain Evertrue",
  "3865": "Broenbhar Rocksplitter",
  "3870": "Jannequinard the Succedent",
  "3871": "Sevestre",
  "3881": "Dancing Wolf",
  "3915": "page 64",
  "3925": "Byblos",
  "3926": "page 128",
  "3927": "page 256",
  "3930": "the Everliving Bibliotaph",
  "3934": "Habetrot",
  "3936": "Bero Roggo",
  "3937": "Browfix Turnalot",
  "3938": "Maro Roggo",
  "3939": "Dubhe",
  "3940": "Melancholic Moira",
  "3941": "Dobharch",
  "3942": "Moundrinx Eightclinks",
  "3943": "Ruginis",
  "3944": "Epaphus",
  "3949": "Galar",
  "3950": "Mogoosh the Misbehaving",
  "3951": "Mogpo the Magnificent",
  "3953": "Minaruja",
  "3954": "Fjalar",
  "3955": "Cuelebre",
  "3956": "Waugyl",
  "3957": "Abelisk",
  "3960": "Glycon",
  "3964": "Tarasque",
  "3965": "Dzu-Teh",
  "3966": "Werner the Braggardly",
  "3967": "Beaudonet the Blunt",
  "3968": "Alaimbert of the Spiked Butt",
  "3969": "Heidrun",
  "3970": "Picolaton",
  "3971": "Tartufo",
  "3972": "the Beholder",
  "3975": "Peluda",
  "3980": "Etamin",
  "3981": "Rastaban",
  "3982": "Thuban",
  "3983": "Darkscale",
  "3984": "Vedrfolnir",
  "3986": "Migas",
  "3987": "Svarog",
  "3988": "Truthspeaker Huibairten",
  "3989": "Huibairten's harrier",
  "3991": "Mossy Peak",
  "3992": "Glawackus",
  "3993": "Yowie",
  "3997": "Skvader",
  "3999": "Kena Vanu",
  "4000": "Oonu Vali",
  "4006": "Apotamkin",
  "4009": "Diatryma",
  "4014": "Stheno",
  "4015": "Goryshche",
  "4017": "Sylla mal Albinus",
  "4021": "Muchalinda",
  "4026": "Bloodbearer Robairlain",
  "4080": "the Mailed Man",
  "4122": "Loudmouth Coeus",
  "4129": "Emmanellain the Lofty",
  "4130": "Alphinaud",
  "4131": "Ser Paulecrain Coldfire",
  "4133": "Raubahn",
  "4141": "Louistiaux of the First Line",
  "4142": "Ser Charibert the Stern",
  "4144": "the Mongrel",
  "4154": "Makara",
  "4155": "Grand Storm Marshal Slafyrsyn",
  "4156": "\"Wheiskaet",
  "4157": "Broken Mountain",
  "4162": "Zell the Adamantine",
  "4163": "Bitoso",
  "4164": "Captain Alka Zolka",
  "4167": "Surito Carito the Strategist",
  "4172": "Battleseeker Halga Tolga",
  "4177": "Waldeve the Recusant",
  "4178": "Lalai Darkeyes",
  "4184": "Eschiva the Aetherial",
  "4189": "Heustienne Truethrust",
  "4190": "Graoully",
  "4191": "Heustienne Truethrust",
  "4192": "Rostnsthal the Reborn",
  "4193": "Joye of Nine Faces",
  "4197": "Big Bertha West",
  "4198": "Big Bertha East",
  "4199": "Big Bertha South",
  "4204": "Stephanivien Brightsun",
  "4209": "Celestaux the Keen",
  "4215": "Rochedalaix of the Van",
  "4219": "Hardheel Marcheterre",
  "4223": "Tedalgrinche Overbright",
  "4224": "Veri Selen",
  "4226": "O'tchakha of the Endless Day",
  "4227": "D'zentsa of the Endless Night",
  "4228": "H'raha Tia Fistborn",
  "4231": "Constaint Splinterblade",
  "4233": "Constaint Solidblade",
  "4235": "Sylviel the Observant",
  "4236": "Serpent Captain Sanson Smyth",
  "4237": "Guydelot the Spent",
  "4238": "Mogta Mogsong",
  "4239": "Ligeia",
  "4240": "Redway the Fortitudinous",
  "4242": "Akagi the Sound",
  "4243": "Redway the Relinquished",
  "4244": "Rosalinde Bloodfang",
  "4259": "Fray",
  "4261": "Bloodshower Atabb Chah",
  "4267": "Yoyoroon Softhands",
  "4269": "Esteem",
  "4270": "Anguish",
  "4273": "Kohm Gahn",
  "4274": "Kohm Scorh",
  "4275": "Kohm Khur",
  "4276": "Ess Khas",
  "4303": "mammet #076SH",
  "4304": "mammet #077SH",
  "4321": "Rielle the Voiceless",
  "4331": "Sidurgu of the Obsidian Heart",
  "4332": "Ystride Godhand",
  "4350": "Alteci",
  "4351": "Kreutzet",
  "4353": "Thextera",
  "4354": "Pterygotus",
  "4356": "Scitalis",
  "4357": "the Scarecrow",
  "4358": "Squonk",
  "4359": "Sanu Vali of Dancing Wings",
  "4360": "Lycidas",
  "4361": "Omni",
  "4362": "Mirka",
  "4363": "Lyuba",
  "4364": "Pylraster",
  "4366": "Slipkinx Steeljoints",
  "4367": "Stolas",
  "4368": "Bune",
  "4369": "Agathos",
  "4370": "Enkelados",
  "4371": "Sisiutl",
  "4372": "Campacti",
  "4375": "Senmurv",
  "4376": "the Pale Rider",
  "4377": "Gandarewa",
  "4380": "Leucrotta",
  "4388": "the Left Wing of Tragedy",
  "4389": "the Right Wing of Injury",
  "4403": "Yehl",
  "4404": "Akhekhu",
  "4405": "Podarge",
  "4414": "Stihi",
  "4415": "Rhei End",
  "4416": "Slicktrix the Gobnanimous",
  "4417": "Kucedre",
  "4419": "Werner the Cowardly",
  "4427": "Zhai'a Nelhah the White Mind",
  "4489": "Terminus Est",
  "4499": "Totoroon Eggslinger",
  "4561": "Construct 8",
  "4571": "8th Order Patriarch Be Gu",
  "4595": "Aymeric the Blue",
  "4596": "Artoirel Ironbone",
  "4597": "Simeonard of the Holiest Flame",
  "4613": "Cetus",
  "4614": "the Pagan's Knot",
  "4615": "the Pagan's Shrub",
  "4616": "the Pagan's Vine",
  "4623": "Irminsul",
  "4626": "Cuchulainn",
  "4631": "Echidna",
  "4632": "Echidna",
  "4633": "Sinister",
  "4634": "Dexter",
  "4653": "Rose Garden",
  "4656": "Queen Hawk",
  "4658": "Belladonna",
  "4662": "Jiromaru",
  "4663": "the Strongman",
  "4666": "Iroha",
  "4671": "Serket",
  "4672": "Spotter",
  "4687": "Ratfinx Twinkledinks",
  "4699": "Blaster",
  "4703": "Brawler",
  "4705": "Swindler",
  "4706": "Vortexer",
  "4707": "Onslaughter",
  "4708": "Brute Justice",
  "4709": "Hummelfaust",
  "4735": "Aymeric the Blue",
  "4736": "Lucia the Radiant",
  "4737": "the Mongrel",
  "4738": "Emmanellain the Lofty",
  "4739": "Flame General Aldynn",
  "4740": "Pipin of the Steel Heart",
  "4741": "Storm Commander Rhiki",
  "4742": "Serpent Commander Heuloix",
  "4743": "Tizona",
  "4744": "Achamoth",
  "4747": "Kuribu",
  "4775": "Shanoa",
  "4776": "Sephirot",
  "4777": "Cochma",
  "4778": "Binah",
  "4805": "Zuro Roggo",
  "4808": "Ziggy",
  "4811": "Calca",
  "4812": "Brina",
  "4813": "Calcabrina",
  "4846": "Krile",
  "4847": "Unukalhai",
  "4848": "Captain Rhoswen",
  "4849": "Captain Carvallain",
  "4871": "Arachne Eve",
  "4878": "Forgall",
  "4896": "Ozma",
  "4897": "Calofisteri",
  "4906": "Storm Commander Rhiki",
  "4911": "Ymir",
  "4913": "Grand Storm Marshal Slafyrsyn",
  "4914": "Mistbeard",
  "4915": "Admiral Bloefhiswyn",
  "4943": "Chieftain Moglin",
  "4944": "Captain Mogsun",
  "4952": "Poqhiraj",
  "4954": "Hraesvelgr",
  "4958": "Cait Sith",
  "4962": "Nidhogg's claw",
  "4963": "Nidhogg's fang",
  "4973": "High Tide",
  "4974": "Low Tide",
  "4999": "Spurge",
  "5012": "Ningishzida",
  "5025": "Ixtab",
  "5038": "Edda Blackbosom",
  "5059": "Arges",
  "5170": "Refurbisher 0",
  "5174": "Alexander",
  "5180": "Lamebrix Strikebocks",
  "5181": "Lameprix Strikedocks",
  "5193": "Alexander Prime",
  "5194": "Arrhidaeus's lanner",
  "5195": "the general's might",
  "5196": "the general's time",
  "5197": "the general's wing",
  "5199": "Sophia",
  "5201": "Barbelo",
  "5202": "the Second Demiurge",
  "5203": "the Third Demiurge",
  "5204": "the First Demiurge",
  "5217": "Tridecameron",
  "5218": "Liquid Flame",
  "5219": "Strix",
  "5239": "Alisaie",
  "5265": "Nuzal Hueloc",
  "5269": "Dotoli Ciloc",
  "5272": "Tozol Huatotl",
  "5309": "the Black Rider",
  "5321": "Yaquaru",
  "5333": "Gudanna",
  "5345": "the Godmother",
  "5356": "Nybeth Obdilord",
  "5371": "Alicanto",
  "5384": "Kirtimukha",
  "5397": "Alfard",
  "5410": "Ah Puch",
  "5424": "Tisiphone",
  "5438": "Todesritter",
  "5449": "Yulunggu",
  "5461": "Dendainsonne",
  "5471": "the Godfather",
  "5478": "Ruby Carbuncle",
  "5507": "Deathgaze Hollow",
  "5509": "Ferdiad Hollow",
  "5514": "Ferdiad's fool",
  "5515": "Scathach",
  "5517": "Connla",
  "5526": "Diabolos Hollow",
  "5529": "the Leightonward",
  "5530": "Gowrow",
  "5531": "Lava Scorpion",
  "5532": "the scorpion's claw",
  "5533": "the scorpion's tail",
  "5560": "Magitek Predator",
  "5564": "the Griffin",
  "5567": "Zurvan",
  "5568": "Infinity",
  "5573": "Yda",
  "5574": "Yugiri Mistwalker",
  "5575": "Gosetsu Everfall",
  "5576": "Grynewaht",
  "5593": "Buer",
  "5598": "the Wake of Mhach",
  "5599": "the Wail of Mhach",
  "5600": "the Warmth of Mhach",
  "5601": "the Woe of Mhach",
  "5608": "Ropen",
  "5611": "Hoita",
  "5614": "Eccentric Eve",
  "5617": "Iriz Ima",
  "5620": "Gerjis",
  "5627": "Acheron",
  "5629": "Alte Roite",
  "5631": "Catastrophe",
  "5633": "Halicarnassus",
  "5639": "Bardam",
  "5640": "Shinryu",
  "5643": "Kyokuho of Wind and Water",
  "5644": "Kinko Kugane",
  "5646": "Udoku",
  "5648": "Shatotto",
  "5658": "M'naago of the Crooked Fletching",
  "5659": "Conrad Farsight",
  "5663": "Gatty Deepwood",
  "5664": "Camazotz",
  "5665": "Brother E-Sumi-Yan",
  "5666": "Hewerald Ironaxe",
  "5667": "Io",
  "5668": "Faunehm",
  "5669": "Orn Khai",
  "5727": "Creeping Edila",
  "5820": "Ifrit Egi",
  "5821": "Titan Egi",
  "5928": "Mauci of the Seven and Seven Swords",
  "5953": "Fordola rem Lupis",
  "5954": "Zenos yae Galvus",
  "5962": "the Swell",
  "5963": "the Storm",
  "5964": "Arenvald",
  "5970": "Lyse",
  "5975": "Hakuro Whitefang",
  "5979": "Whitefang",
  "5984": "Okina",
  "5985": "Gamma",
  "5986": "Orghana",
  "5987": "Udumbara",
  "5988": "Bone Crawler",
  "5989": "Salt and Light",
  "5990": "Orcus",
  "5991": "Erle",
  "5992": "Vochstein",
  "5993": "Aqrabuamelu",
  "5994": "Mahisha",
  "5995": "Luminare",
  "5996": "Funa Yurei",
  "5997": "Oni Yumemi",
  "5998": "Gajasura",
  "5999": "Angada",
  "6000": "Girimekhala",
  "6001": "Sum",
  "6002": "Gauki Strongblade",
  "6003": "Guhuo Niao",
  "6004": "Deidar",
  "6005": "Gyorai Quickstrike",
  "6006": "Kurma",
  "6007": "Aswang",
  "6008": "Shadow-dweller Yamini",
  "6009": "Ouzelum",
  "6010": "Gwas-y-neidr",
  "6011": "Buccaboo",
  "6012": "Manes",
  "6013": "Kiwa",
  "6014": "Sanche",
  "6015": "Gatty the Hornless",
  "6037": "Magitek Scorpion",
  "6038": "Aulus mal Asina",
  "6039": "Zenos yae Galvus",
  "6040": "Ame-no-Habakiri",
  "6041": "the Swell",
  "6042": "the Storm",
  "6046": "Wrath",
  "6047": "Anguish",
  "6048": "Unrest",
  "6052": "Exdeath",
  "6055": "Neo Exdeath",
  "6057": "Nero",
  "6070": "the Jane Guy",
  "6071": "Lugat",
  "6072": "the Governor",
  "6073": "the Groveller",
  "6074": "Lorelei",
  "6085": "Zuiko-Maru",
  "6089": "Yojimbo",
  "6090": "Daigoro",
  "6091": "Kageyama",
  "6092": "Shishigashira",
  "6093": "Inoshikacho",
  "6095": "Shiden Skyscream",
  "6096": "\"Ugetsu",
  "6104": "Fordola rem Lupis",
  "6105": "Makoto the True",
  "6106": "Kongo the Unyielding",
  "6111": "Musosai",
  "6113": "Adjunct Ostyrgrein",
  "6117": "Ivon Coeurlfist",
  "6118": "Arbuda",
  "6119": "Coeurl Sruti",
  "6120": "Coeurl Smriti",
  "6123": "the Way of the Fist",
  "6124": "the Way of the Lance",
  "6125": "the Way of the Blade",
  "6145": "Obsidian Carbuncle",
  "6146": "Lyse",
  "6148": "Hien",
  "6149": "Cirina of the Laughing Reeds",
  "6152": "Sadu Heavensflame",
  "6153": "Magnai the Older",
  "6155": "Yol",
  "6173": "Garula",
  "6177": "Bardam",
  "6197": "the Dawn Visage",
  "6198": "the Dusk Visage",
  "6199": "the Test",
  "6200": "Magitek Rearguard",
  "6203": "Magitek Hexadrone",
  "6205": "Hypertuned Grynewaht",
  "6221": "Susano",
  "6225": "Ame-no-Murakumo",
  "6237": "Amikiri",
  "6238": "Kamikiri",
  "6242": "Kurenai",
  "6243": "Shisui Yohi",
  "6244": "Naishi-no-Kami",
  "6263": "Magna Roader",
  "6267": "Number XXIV",
  "6268": "Inferno",
  "6289": "Gurumi Borlumi",
  "6290": "Tamamo-no-Gozen",
  "6291": "Ginko",
  "6292": "Kinko",
  "6297": "Tendo the Mirrored",
  "6298": "Mikuzume",
  "6299": "Theobald's voice",
  "6300": "Ompagne Deepblack",
  "6303": "Myste the Delusionist",
  "6307": "Bartholomew of the Silver Sallet",
  "6308": "the Bronze Bull",
  "6309": "Ser Handeloup of the One Heart",
  "6311": "Aldis",
  "6312": "Nald's scream",
  "6313": "Ser Janlenoux of the Steel Oath",
  "6314": "Ser Noudenet the Wise",
  "6315": "Ser Haumeric the Valiant",
  "6316": "Ser Vellguine the Unbreakable Stone Spear",
  "6317": "Ser Ignasse of the Dragon's Tail",
  "6318": "Ser Hermenost the Levinlight",
  "6319": "Ser Guerrique the Cleaver",
  "6320": "Very Reverend Archimandrite Ser Zephirin",
  "6321": "Nayaga the Taken",
  "6324": "Curious Gorge",
  "6325": "Dorgono Blueblade",
  "6326": "the Will of Karash",
  "6330": "someone familiar",
  "6332": "Broken Mountain",
  "6333": "Dorgono the Bedeviled",
  "6338": "Hanzo the Hidden",
  "6339": "Karasu Redbeak",
  "6341": "Arya",
  "6342": "Deep Red X'rhun Tia",
  "6344": "Landenel the Unafraid",
  "6347": "Faunehm",
  "6348": "Orn Khai",
  "6349": "the Left Wing of Tragedy",
  "6350": "the Right Wing of Injury",
  "6351": "Estinien Wyrmblood",
  "6352": "Lilith",
  "6356": "Wiscar",
  "6367": "Symme",
  "6368": "Eudestand",
  "6373": "Baroness Melisie",
  "6374": "dragonfire",
  "6375": "Muscadain of the Red Eye",
  "6380": "Ame-no-Habakiri",
  "6381": "Yugiri Mistwalker",
  "6385": "Lakshmi",
  "6392": "Ixion",
  "6395": "Ixion",
  "6396": "Storm Commander Bharbennsyn",
  "6397": "Flame Lieutenant Nonoku Noku",
  "6400": "Ser Arscelin",
  "6401": "Serpent Lieutenant Nelhah",
  "6408": "Crocoroid",
  "6413": "Kirnis",
  "6414": "Ankabut",
  "6421": "M'mhalawi the Promised",
  "6422": "Berda",
  "6423": "Denali the Bejeweled",
  "6424": "Jateryu",
  "6425": "Sunmaid Drisana",
  "6427": "Mimiroon Leafgrinder",
  "6428": "Mimiroon Bonecruncher",
  "6434": "Lumber Jack",
  "6435": "Etain",
  "6440": "Crapaud",
  "6441": "Tindalos",
  "6443": "Humbaba",
  "6445": "Ventus",
  "6446": "Neckbreaker",
  "6447": "Ignamoth",
  "6450": "Energetic Eruca",
  "6452": "J'najaq Sunflare",
  "6457": "Boruta",
  "6459": "Tall Mountain",
  "6460": "Kurrea",
  "6461": "Karya",
  "6462": "Sisyphus",
  "6463": "Asterion",
  "6464": "Lalla Mira",
  "6466": "the Loch Seld Monster",
  "6467": "Chukwa",
  "6468": "Serra",
  "6469": "Tellus",
  "6470": "King Manfred the Dead",
  "6471": "Nure-onna",
  "6472": "Forevermore",
  "6473": "Kuimu Lang",
  "6474": "Mishirushi",
  "6475": "Agni",
  "6480": "Yahiro",
  "6481": "Harpooner Nagori",
  "6482": "Amahire the Redmost",
  "6487": "Jinrinki",
  "6488": "Katabira the Younglier",
  "6489": "Katabira's Red",
  "6492": "Sogenbi",
  "6493": "Senban Oneblade",
  "6495": "Wakizashi the Hunterling",
  "6496": "Wakizashi's Red",
  "6499": "Gyogun of the Most Bountiful Catch",
  "6500": "Gaei Straightheart",
  "6503": "Nu Wa",
  "6506": "Fuchikari",
  "6511": "Tsurubebi",
  "6513": "Songsi",
  "6514": "Apsaras",
  "6515": "Linquan",
  "6516": "Dapeng",
  "6517": "Kuebiko",
  "6522": "Ragoh",
  "6523": "Bian",
  "6524": "Kidomaru",
  "6530": "Kirata",
  "6532": "Qatun Coldwind",
  "6536": "Sampati",
  "6538": "Rudra",
  "6539": "Vochu",
  "6540": "Bukidai the Wandering River",
  "6542": "Hatan",
  "6545": "Undsiig",
  "6546": "Tsaagan Mangas",
  "6551": "Gulo Khan",
  "6552": "Stinkskin",
  "6553": "Mahishasura",
  "6555": "Manikantha",
  "6556": "Chief Khalja",
  "6557": "Sokhatai",
  "6558": "Anarba",
  "6559": "Altani",
  "6562": "Saumanasa",
  "6563": "Anjana",
  "6566": "Demi-Bahamut",
  "6568": "Abharamu",
  "6653": "Gurbesu the Goro",
  "6668": "the Lasting Manuscript",
  "6670": "Lambard the Regal",
  "6672": "Fear Gorta",
  "6675": "Sarameya",
  "6678": "Princess Yuki",
  "6679": "Zakuro Brightblood",
  "6683": "Beroald the Last Standing",
  "6686": "Nourval of the Branching Path",
  "6694": "Principia",
  "6700": "Sephirot Egi",
  "6701": "Sephirot Binah",
  "6702": "Flame Private Crispin",
  "6703": "Flame Sergeant Denny",
  "6704": "Jajasamu",
  "6709": "High Summoner Sari",
  "6715": "Setoto",
  "6719": "the Element of Surprise",
  "6729": "Amahire's ray",
  "6738": "the Forlorn",
  "6788": "Jebei",
  "6907": "Kelpie",
  "6908": "The Old One",
  "6910": "Hrodric Poisontongue",
  "6922": "Hashmal, Bringer of Order",
  "6925": "Argath Thadalfus",
  "6941": "Rofocale",
  "6994": "Otake-maru",
  "6995": "Kamaitachi",
  "6996": "Genbu",
  "7015": "Kamaitachi",
  "7055": "The Ultima Warrior",
  "7056": "Motherbit",
  "7058": "The Ultima Beast",
  "7070": "Yiazmat",
  "7092": "Byakko",
  "7093": "Hakutei",
  "7096": "Goddess Chadarnook",
  "7097": "Demon Chadarnook",
  "7107": "Guardian",
  "7127": "Phantom Train",
  "7131": "Kefka",
  "7143": "Pazuzu",
  "7200": "Otengu",
  "7202": "Daidarabotchi",
  "7203": "Qitian Dasheng",
  "7204": "Shadow Of The Sage",
  "7221": "Rathalos",
  "7223": "Belias, the Gigas",
  "7225": "Tsukuyomi",
  "7237": "Construct 7",
  "7245": "Famfrit, the Darkening Cloud",
  "7633": "Omega-M",
  "7634": "Omega-F",
  "7635": "Omega",
  "7636": "Tokkapchi",
  "7641": "Midgardsormr",
  "7657": "Ultima, the High Seraph",
  "7659": "Nullchu",
  "7660": "Lakhamu",
  "7662": "Tokkapchi",
  "7666": "Omega",
  "7667": "Hedetet",
  "7669": "Defective Drone",
  "7672": "Mist Dragon",
  "7691": "Chaos",
  "7695": "Omega",
  "7702": "Suzaku",
  "7855": "Mark III-B Magitek Colossus",
  "7856": "Prometheus",
  "7857": "Julia quo Soranus",
  "7858": "Annia quo Soranus",
  "7899": "The Thunder God",
  "7909": "Ultima, the High Seraph",
  "7919": "Mustadio",
  "7922": "Seiryu",
  "7931": "Agrias",
  "7968": "Art",
  "7970": "Owain",
  "7973": "Raiden",
  "7976": "Absolute Virtue",
  "8141": "Aenc Thon, Lord of the Lingering Gaze",
  "8143": "Griaule",
  "8146": "Aenc Thon, Lord of the Lengthsome Gait",
  "8162": "Alpha Zaghnal",
  "8165": "Mithridates",
  "8167": "The Tycoon",
  "8201": "The First Beast",
  "8202": "Terminus Bellwether",
  "8210": "Therion",
  "8231": "Lozatl",
  "8232": "Batsquatch",
  "8233": "Eros",
  "8235": "Cladoselache",
  "8236": "Doliodus",
  "8249": "Storge",
  "8250": "Amphibious Talos",
  "8252": "Greater Armadillo",
  "8260": "Forgiven Cruelty",
  "8261": "Forgiven Whimsy",
  "8262": "Forgiven Obscenity",
  "8272": "Marquis Morbol",
  "8273": "Quetzalcoatl",
  "8297": "Innocence",
  "8298": "Innocence",
  "8300": "Tesleen, the Forgiven",
  "8301": "Philia",
  "8345": "Eden Prime",
  "8349": "Titan Maximum",
  "8350": "Titan",
  "8352": "Hades",
  "8353": "Innocence",
  "8355": "Puck",
  "8356": "Peaseblossom",
  "8357": "Mustardseed",
  "8360": "Puck",
  "8361": "Titania",
  "8365": "Troodon",
  "8382": "Voidwalker",
  "8445": "Forgiven Dissonance",
  "8486": "Leviathan",
  "9041": "Seeker of Solitude",
  "9044": "Leannan Sith",
  "9046": "Lugus",
  "9140": "Flight Unit",
  "9141": "Serial-jointed Command Model",
  "9142": "Serial-jointed Service Model",
  "9143": "Hobbes",
  "9144": "Hobbes",
  "9145": "Hobbes",
  "9147": "Engels",
  "9148": "Reverse-jointed Goliath",
  "9150": "Marx L",
  "9151": "Marx R",
  "9152": "Marx",
  "9153": "9S-operated Walking Fortress",
  "9154": "9S-operated Flight Unit",
  "9155": "Serial-jointed Service Model",
  "9156": "Goliath Tank",
  "9157": "Marx",
  "9211": "Living Liquid",
  "9212": "Liquid Hand",
  "9213": "Liquid Rage",
  "9216": "Brute Justice",
  "9218": "Cruise Chaser",
  "9220": "Alexander Prime",
  "9250": "The Ruby Weapon",
  "9260": "Unknown",
  "9261": "Unknown",
  "9263": "Kyklops",
  "9264": "Rukshs Dheem",
  "9281": "Ramuh",
  "9287": "Garuda",
  "9288": "Ifrit",
  "9289": "Raktapaksa",
  "9298": "The Idol of Darkness",
  "9301": "Idolatry",
  "9341": "Varis yae Galvus",
  "9353": "Shiva",
  "9364": "724P-operated superior flight unit (A-lpha)",
  "9407": "Red Comet",
  "9409": "Lyon the Beast King",
  "9436": "Brionac",
  "9439": "4th Legion Helldiver",
  "9442": "Adrammelech",
  "9452": "Dawon",
  "9495": "Mustardseed",
  "9496": "Peaseblossom",
  "9505": "Spectral Thief",
  "9506": "Spectral Thief",
  "9617": "767P-operated superior flight unit (B-eta)",
  "9618": "772P-operated superior flight unit (C-hi)",
  "9642": "Warrior of Light",
  "9644": "Compound 2P",
  "9646": "the Compound",
  "9648": "Compound pod",
  "9650": "905P-operated heavy artillery unit",
  "9668": "Elidibus",
  "9693": "4th-Make Hashmal",
  "9696": "The Emerald Weapon",
  "9707": "Fatebreaker",
  "9741": "Mother Porxie",
  "9755": "Bozjan Phantom",
  "9764": "Cloud of Darkness",
  "9769": "Shadowkeeper",
  "9813": "Eden's Promise",
  "9832": "Oracle of Darkness",
  "9834": "Trinity Seeker",
  "9838": "Queen's Knight",
  "9840": "Queen's Warrior",
  "9843": "Queen's Soldier",
  "9849": "Queen's Gunner",
  "9853": "Trinity Avowed",
  "9863": "The Queen",
  "9920": "Red Girl",
  "9921": "Xun-Zi",
  "9922": "Meng-Zi",
  "9925": "Ayida",
  "9930": "4th-Make Belias",
  "9931": "4th-Make Shemhazai",
  "9941": "Hrodvitnir",
  "9945": "Blackburn",
  "9948": "False Idol",
  "9949": "Her Inflorescence",
  "9950": "Red Girl",
  "9953": "The Diamond Weapon",
  "9955": "Knave of Hearts",
  "9969": "Hedetet",
  "9973": "Alkonost",
  "9988": "Hansel",
  "9989": "Gretel",
  "9990": "Hansel & Gretel",
  "10004": "4th-Make Cuchulainn",
  "10058": "copied knave",
  "10064": "Hanbi",
  "10075": "Amhuluk",
  "10076": "Magitek Core",
  "10077": "Lunar Bahamut",
  "10212": "4th Legion Blackburn",
  "10256": "Minduruva",
  "10257": "Sanduruva",
  "10259": "Cinduruva",
  "10279": "Barnabas",
  "10281": "Lugae",
  "10282": "Lugae",
  "10285": "Anima",
  "10288": "Anima",
  "10290": "Livia the Undeterred",
  "10292": "Rhitahtyn the Unshakable",
  "10293": "Amon the Undying",
  "10313": "Caustic Grebuloff",
  "10315": "Peacekeeper",
  "10316": "Ra-la",
  "10331": "Face",
  "10333": "Frameworker",
  "10336": "The Big Cheese",
  "10348": "Hippokampos",
  "10363": "Hermes",
  "10396": "Lyssa",
  "10398": "Ladon Lord",
  "10399": "Hermes",
  "10401": "Proto-Omega",
  "10403": "Arch-Lambda",
  "10404": "Stigma-4",
  "10448": "The Endsinger",
  "10453": "Hydaelyn",
  "10456": "Zodiark",
  "10576": "Erichthonios",
  "10717": "Terminus Snatcher",
  "10718": "Terminus Wrecker",
  "10719": "Svarbhanu",
  "10720": "Phoinix",
  "10742": "Hesperos",
  "11049": "Terminus Snatcher",
  "11052": "Terminus Wrecker"
}
