{
  "_t" : "Language",
  "LanType" : "en",
  "LanVersion" : "2",
  "Toggle_Stop" : "Stop",
  "Toggle_BurstOff" : "Burst Off",
  "Toggle_AOE" : "AOE",
  "Toggle_ShowGameLog" : "Show GameLog",
  "Toggle_ShowDebugLog" : "Show DebugLog",
  "Toggle_ShowBattleTime" : "Show BattleTime",
  "Toggle_EarlyDecisionMode" : "Early Decision",
  "Toggle_UseHotkey" : "Use Hotkey",
  "Toggle_UseTTK" : "Use TTK",
  "TabItem_General" : "General",
  "TabItem_Hotkey" : "Hotkey",
  "TabItem_BaseSetting" : "Base Setting",
  "TabItem_TTKSetting" : "TTK Setting",
  "Btn_SwitchOverlay" : "Switch Overlay",
  "Combox_Hotkey_Stop" : "Hotkey_Stop",
  "Combox_Hotkey_BurstOff" : "Hotkey_BurstOff",
  "Textbox_AnimationLockMs" : "Ability AnimationLock(ms)",
  "Textbox_GCDQueueMs" : "GCD Queue(ms)",
  "Textbox_AbilityTimesInGCD" : "Ability times in GCD",
  "Textbox_TTK_TimeInSec" : "TTK_TimeInSec",
  "Textbox_TTK_IgnoreDamage" : "TTK_IgnoreDamage",
  "MessageLog_CountDown_BattleStart" : "Battle commencing in",
  "MessageLog_CountDown_BattleStartInTime" : "[0-9]+",
  "MessageLog_CountDown_CancelBattleStart" : "Countdown canceled",
  "Toggle_Potion" : "Potion",
  "Toggle_Apex" : "Apex",
  "Toggle_ActiveAttack" : "ActiveAttack",
  "Toggle_PreferDoubleEnshroud" : "2*Enshroud",
  "Toggle_UseHarpe" : "Harpe",
  "Toggle_UseTrueNorthWhenMissActionDir" : "TrueNorth",
  "Toggle_UsePoleton" : "Poleton",
  "Toggle_Bard_Delay1GCDToUseBuffs" : "Delay 1GCD to use Buffs",
  "TabItem_SongSetting" : "SongSetting",
  "SongSettingToolTips" : "When burst on,the time left of song to switch:",
  "SongSetting_WM" : "WM",
  "SongSetting_MB" : "MB",
  "SongSetting_AP" : "AP",
  "Btn_Reset" : "Reset",
  "Btn_CheckPotionNum" : "Check Potion Num",
  "SetTriggerLine" : "Set TriggerLine",
  "Textbox_Bard_ApexArrow_SoulVoiceGauge" : "ApexArrow SoulVoiceGauge",
  "Textbox_Bard_TTK2BuffEnhancedIronJaw" : "TTK to BuffEnhanced IronJaw",
  "Label_CurrTriggerLine" : "CurrTriggerLine:",
  "Label_ChoosePotion" : "Choose Potion",
  "Label_PotionNum" : "Num:",
  "Toggle_PreferGallow" : "Prefer Gallow",
  "Btn_LoadTriggerLine" : "Load",
  "Btn_ClearTriggerLine" : "Clear",
  "QQGroup" : "QQGroup(cn user):814352226",
  "SaveSetting" : "Save Setting",
  "Content_CoolDown" : "CoolDown:",
  "Content_CoolDown_1500" : "Try do action in 1500",
  "Content_CoolDownFinish" : "Battle Start!",
  "Content_Bard_PreCombat1" : "Not in combat,Poleton off",
  "Content_Bard_PreCombat2" : "Not int combat,try Poleton",
  "Content_Bard_PreCombat3" : "Use Poleton!",
  "Content_Reaper_PreCombat1" : "Not in combat",
  "Content_Reaper_PreCombat2" : "Use HarvestMoon",
  "Content_AIRoot_Stoping" : "Stopping",
  "Content_AIRoot_NoTarget" : "No valid target",
  "Content_AIRoot_CanAttack" : "Prepare!",
  "Content_LocalTime" : "LocalTime",
  "Content_BattleTime" : "BattleTime",
  "Title_LoadTriggerLine" : "LoadTriggerLine",
  "Btn_Close" : "Hide",
  "Textbox_Bard_DotTimeLeft" : "DOT time to refresh",
  "Label_DexChoosePotion" : "Dex Potion",
  "Label_StrChoosePotion" : "Str Potion",
  "Label_DotblackList" : "TargetName(Contains)",
  "TabItem_PotionSetting" : "Potion Setting",
  "TabItem_DotBlacklist" : "Dot Blacklist"
}