{ "_t" : "TriggerLine", "Version" : "v0.1", "Author" : "AE", "TargetDuty" : "0", "TargetJob" : "Bard", "Triggers" : [{ "_id" : "356c588a-946e-46b6-811f-e4a66292d9a5", "TriggerConds" : [{ "_t" : "TriggerCond_AfterBattleStart", "Time" : 20000 }], "TriggerActions" : [{ "_t" : "TriggerAction_SwitchBurst", "value" : false }] }, { "_id" : "2d5632a0-b8c8-42f8-92e1-9a3a43786755", "TriggerConds" : [{ "_t" : "TriggerCond_AfterBattleStart", "Time" : 90000 }, { "_t" : "TriggerCond_EnemyInLOS", "name" : "水晶" }], "TriggerActions" : [{ "_t" : "TriggerAction_SwitchBurst", "value" : true }] }] }