{ "_t" : "TriggerLine", "Version" : "v0.1", "Author" : "AE", "TargetDuty" : "极海德林", "TargetJob" : "Bard", "Triggers" : [{ "_id" : "80788b5e-8ee4-4083-82ba-04eff3cd0d45", "TriggerConds" : [{ "_t" : "TriggerCond_AfterBattleStart", "Time" : 20000 }], "TriggerActions" : [{ "_t" : "TriggerAction_SwitchBurst", "value" : false }] }, { "_id" : "6aaf04ea-101b-4b17-b798-7aac8b189cb6", "TriggerConds" : [{ "_t" : "TriggerCond_AfterBattleStart", "Time" : 90000 }, { "_t" : "TriggerCond_EnemyInLOS", "name" : "水晶" }], "TriggerActions" : [{ "_t" : "TriggerAction_SwitchBurst", "value" : true }] }] }